Username,Rating,Date,Review,Reply,Reply Date,Usefulness
V-SERIES,1,27 March 2025,this is paid work app i dont like it,N/A,N/A,"('N/A', 'N/A')"
Gokavalasa Maheswararao,1,18 February 2025,"This app subscription cancellation option not showing , don't subscribe don't install",Gyani - Made in India for India,27 February 2025,1 person found this review helpful
Pooja Mote,5,18 February 2025,"Very smooth experience, no bugs or crashes.",N/A,N/A,"('N/A', 'N/A')"
Suvarna khalapure,5,18 February 2025,Highly recommended for Telugu learners!,N/A,N/A,"('N/A', 'N/A')"
Ritika Jadhav,5,18 February 2025,Happy that learning in Telugu is now easy!,N/A,N/A,1 person found this review helpful
Ranjeet Kamble,5,18 February 2025,Perfect app for working professionals too!,N/A,N/A,"('N/A', 'N/A')"
NEHA SANGAI,5,18 February 2025,The best app for AI and finance knowledge!,N/A,N/A,"('N/A', 'N/A')"
Vikas Aivale,5,18 February 2025,⭐⭐⭐⭐⭐ The best part is the clear and simple explanations.,N/A,N/A,"('N/A', 'N/A')"
Utkarsh Singh,5,17 February 2025,"What an app, so much valuable information at such a low price",N/A,N/A,"('N/A', 'N/A')"
Mende Vijay,5,17 February 2025,"⭐⭐⭐⭐⭐ Really useful, I watch it every day!",N/A,N/A,"('N/A', 'N/A')"
mvnu mahesh,4,17 February 2025,Good app. but the notification don't work properly,N/A,N/A,"('N/A', 'N/A')"
sourav senapati,4,17 February 2025,App chala bagundhi.. but need more videos,N/A,N/A,"('N/A', 'N/A')"
mouni unique,5,17 February 2025,"Finally,a learning app that is not boring!",N/A,N/A,"('N/A', 'N/A')"
Yogesh Taksal,5,17 February 2025,⭐⭐⭐⭐⭐ It covers many interesting topics with easy explanations.,N/A,N/A,"('N/A', 'N/A')"
Sagar Kabir,5,13 February 2025,This app is a great way to use free time productively! ✌️,N/A,N/A,"('N/A', 'N/A')"
Nitin Thakare,5,13 February 2025,Simple but powerful learning app!,N/A,N/A,"('N/A', 'N/A')"
Megha Dorkar,5,13 February 2025,Very useful for those ho want to upgrade their skills,N/A,N/A,"('N/A', 'N/A')"
SHASHIKUMAR MACHA,5,12 February 2025,"I love the topics, but more case studies would help.",N/A,N/A,"('N/A', 'N/A')"
MALATESH K A,5,11 February 2025,App is very lightweight and runs smoothl.,N/A,N/A,"('N/A', 'N/A')"
Shilpa Sataraddi,4,11 February 2025,"English learning videos very nice, Content is good",N/A,N/A,"('N/A', 'N/A')"
narige shivabadhu,5,11 February 2025,Perfect for Telugu speakers who want to learn something new.,N/A,N/A,"('N/A', 'N/A')"
Baskar Rajendiran,5,11 February 2025,"⭐⭐⭐⭐⭐ Covers different fields like AI, finance, jobs, and more.",N/A,N/A,"('N/A', 'N/A')"
Nagendar Karlapudi,4,11 February 2025,"Good for Telugu speakers, but needs more frequent updates.",N/A,N/A,"('N/A', 'N/A')"
Ramprasath S,5,11 February 2025,Learning in Telugu has never been easier,N/A,N/A,"('N/A', 'N/A')"
maharaja b,5,11 February 2025,One of the best education apps for telugu people.,N/A,N/A,"('N/A', 'N/A')"
Athul Mohan,5,11 February 2025,Short and informative videos make learning easy.,N/A,N/A,"('N/A', 'N/A')"
Vishnu,5,11 February 2025,Content is to the point and easy to follow.,N/A,N/A,"('N/A', 'N/A')"
Surendra Reddy,5,11 February 2025,I love the career and job-related content! Very helpful for professionals,N/A,N/A,"('N/A', 'N/A')"
Amal Prasad,5,11 February 2025,"Content is well researched and relevant, it really helps me☺️",N/A,N/A,"('N/A', 'N/A')"
Ajay kumar G,5,10 February 2025,All we can learn together at one place,N/A,N/A,"('N/A', 'N/A')"
Ajay,5,10 February 2025,⭐⭐⭐⭐⭐ Learning about AI has never been this simple!,N/A,N/A,"('N/A', 'N/A')"
Shivani abbagani,4,10 February 2025,"Content is useful, but update speed can be improved",N/A,N/A,"('N/A', 'N/A')"
Rooni Gowda,5,10 February 2025,Very informative and clear explanations,N/A,N/A,"('N/A', 'N/A')"
Potnuru Srinivas,5,10 February 2025,Short and useful videos. I like how simple they are!,N/A,N/A,"('N/A', 'N/A')"
Solanki Paresh,5,10 February 2025,Videos are short and engaging. Learning is fun!,N/A,N/A,"('N/A', 'N/A')"
pv mahesh,4,10 February 2025,"Very useful, but please add subtitles for better understanding",N/A,N/A,"('N/A', 'N/A')"
Gireesh G Gunaga,5,10 February 2025,I have leared so much just few days,N/A,N/A,"('N/A', 'N/A')"
SHIVA,5,10 February 2025,The way they explain things is amazing!,N/A,N/A,"('N/A', 'N/A')"
basavaraj meeshi,5,10 February 2025,Carrier tips are practicle and realistic,N/A,N/A,"('N/A', 'N/A')"
Gayathri Gowda,5,10 February 2025,Useful app for learning new skills,N/A,N/A,"('N/A', 'N/A')"
Jigar Chaudhari,5,10 February 2025,"No complicated language, just simple Telugu explanations.",N/A,N/A,"('N/A', 'N/A')"
pramodh gowda,5,10 February 2025,"No unnecessary content, only useful topics covered.",N/A,N/A,"('N/A', 'N/A')"
Vedashri Vedu,5,10 February 2025,I have shared this app with my family and friends.,N/A,N/A,"('N/A', 'N/A')"
Ajay maddiboina,5,10 February 2025,"Intresting topics, but I wish videos were longer",N/A,N/A,"('N/A', 'N/A')"
Ravinder Enkapally,4,10 February 2025,"Videos are nice, but some topics need more depth.",N/A,N/A,"('N/A', 'N/A')"
mahammad shareef,3,10 February 2025,"I like the app, but subtitles would be helpful.",N/A,N/A,"('N/A', 'N/A')"
Nani Chetla,5,10 February 2025,⭐⭐⭐⭐⭐ So many useful career tips in one place!,N/A,N/A,"('N/A', 'N/A')"
vijaya kumar kolli,5,10 February 2025,Covers trending topics in a fun way,N/A,N/A,"('N/A', 'N/A')"
Pavan Mrair,4,10 February 2025,"Great explanations, but more industry experts should contribute.",N/A,N/A,"('N/A', 'N/A')"
naresh junjuri,4,10 February 2025,"Perfect learning app, but more interactive content needed.",N/A,N/A,2 people found this review helpful
Thomas José,5,10 February 2025,Best app for personal growth and knowledge.,N/A,N/A,"('N/A', 'N/A')"
Logesh P,3,10 February 2025,"Good app, need more types of different contents",N/A,N/A,"('N/A', 'N/A')"
Burugadla Madhukar,4,10 February 2025,Very Nice App,N/A,N/A,"('N/A', 'N/A')"
Adil Anwar,5,10 February 2025,"Simple explanations, even for difficult topics like AI.",N/A,N/A,"('N/A', 'N/A')"
nalaparaju ramana,4,10 February 2025,"Easy to use, but add offline viewing mode.",N/A,N/A,"('N/A', 'N/A')"
mohan ramachandran,5,10 February 2025,Very happy with the quality of the content.,N/A,N/A,"('N/A', 'N/A')"
Vaddagani Srikanth,4,10 February 2025,"Nice UI, but search function can be improved.",N/A,N/A,"('N/A', 'N/A')"
yojana yoji,5,10 February 2025,I watch GyanTV every day and learn something new.,N/A,N/A,"('N/A', 'N/A')"
Alivelu Kalla,4,10 February 2025,"Very informative, but please add a dark mode",N/A,N/A,"('N/A', 'N/A')"
shobha gaikwad,4,10 February 2025,"Learning is great, but I want more career tips.",N/A,N/A,"('N/A', 'N/A')"
Ashok Pabbathi,5,10 February 2025,AI and finance topics are well explained! Very easy to understand.,N/A,N/A,2 people found this review helpful
Madhavi Daggula,3,10 February 2025,"App is good, but video resolution should be better",N/A,N/A,"('N/A', 'N/A')"
Krishna Royal,5,10 February 2025,Astrology section is accurate and insightful. Learned a lot!,N/A,N/A,"('N/A', 'N/A')"
Shaik Samreen,5,10 February 2025,English learning videos are very effective!,N/A,N/A,"('N/A', 'N/A')"
Aswathy k Panicker,5,10 February 2025,Every video gives me something valuable to learn.,N/A,N/A,"('N/A', 'N/A')"
nagaraju maramulla,3,10 February 2025,"Learning is fun, but updates are slow.",N/A,N/A,"('N/A', 'N/A')"
Daniel S,5,10 February 2025,Amazing knowledge in such a simple format!,N/A,N/A,"('N/A', 'N/A')"
Ponmalar TD,5,10 February 2025,This app has everything I need to learn new skills.,N/A,N/A,"('N/A', 'N/A')"
dayan shanth,5,10 February 2025,This app has saved me a lot of time!,N/A,N/A,"('N/A', 'N/A')"
jayaa selvam,5,10 February 2025,"Very well-structured content, easy to follow.",N/A,N/A,"('N/A', 'N/A')"
Gowtham J,5,10 February 2025,Best place for learning career-related topics!,N/A,N/A,"('N/A', 'N/A')"
Lakshmanan Durairaj,5,10 February 2025,I feel smarter every day after watching GyanTV.,N/A,N/A,"('N/A', 'N/A')"
Ramesh Mugunthan,4,10 February 2025,"Good app, but more content updates needed.",N/A,N/A,"('N/A', 'N/A')"
saraswathi Perumalsamy,5,10 February 2025,Content is always relevant and useful.,N/A,N/A,"('N/A', 'N/A')"
Mr. Madhan,5,10 February 2025,"Useful for students, professionals, an Job seekers",N/A,N/A,"('N/A', 'N/A')"
Nikhila,4,10 February 2025,"Good for telugu speakers, but needs more frequent updates.",N/A,N/A,"('N/A', 'N/A')"
Tharunya Sanil,5,10 February 2025,Very happy with the content quality!,N/A,N/A,"('N/A', 'N/A')"
pruthviraj shetty,5,9 February 2025,helpful for people who want to improve themselves,N/A,N/A,"('N/A', 'N/A')"
shruti mopagar,5,9 February 2025,Very helpful for students and professionals.,N/A,N/A,"('N/A', 'N/A')"
manjunath hadimani,3,8 February 2025,"Useful, but the UI needs improvement.",N/A,N/A,"('N/A', 'N/A')"
sai santhosh,3,8 February 2025,"The app is nice, but navigation should be improved.",N/A,N/A,"('N/A', 'N/A')"
K 2,5,8 February 2025,Happy that learning in Telugu is now easy!,N/A,N/A,"('N/A', 'N/A')"
swapna kambala,5,8 February 2025,Expailns topics in the easiest way possible,N/A,N/A,"('N/A', 'N/A')"
Anjanna Saragandla,4,8 February 2025,"Very good content, but I hope they add more career guidance.",N/A,N/A,"('N/A', 'N/A')"
Shiva Krishna,5,8 February 2025,My whole family watches GyanTV together,N/A,N/A,"('N/A', 'N/A')"
jyothsna e,4,8 February 2025,"Amazing experience, but I want more business-related content",N/A,N/A,"('N/A', 'N/A')"
venky gaddala9848,5,8 February 2025,"No extra talk, just clear learning!",N/A,N/A,"('N/A', 'N/A')"
POLAGONI SHIVAPRASAD,4,8 February 2025,"Learning is great, but I want more career tips.",N/A,N/A,"('N/A', 'N/A')"
Sumi Krishna,4,8 February 2025,"Nice topics, but I want a bookmarking feature for favorite videos.",N/A,N/A,1 person found this review helpful
thripura rathnakar,5,8 February 2025,Smooth UI and great experience.,N/A,N/A,"('N/A', 'N/A')"
GV RAVITEJA,3,8 February 2025,"Great for Telugu speakers, but some features are missing.",N/A,N/A,"('N/A', 'N/A')"
Justin Roy,4,8 February 2025,"Love the finance section, but AI content should be expanded.",N/A,N/A,"('N/A', 'N/A')"
Swarnashree Jain,5,8 February 2025,App is well-structured and very easy to use.,N/A,N/A,"('N/A', 'N/A')"
SāÆ Tëźžż,3,8 February 2025,"Content is good, if download option is there, it would be better",N/A,N/A,"('N/A', 'N/A')"
Lakshman Gadapa,3,8 February 2025,"Good start , but needs more Frequent updates.",N/A,N/A,"('N/A', 'N/A')"
Ashwini Kawale,5,8 February 2025,One of the best Telugu learning apps!,N/A,N/A,"('N/A', 'N/A')"
sriram babu,4,8 February 2025,"Very engaging, but add Q&A sessions for better learning.",N/A,N/A,"('N/A', 'N/A')"
charusheela Pote,3,8 February 2025,"Good app, but I expected more content.",N/A,N/A,1 person found this review helpful
narnavaram tejaswini,5,8 February 2025,Ee app dwara na confidence perigindi.. thanks to Gyan TV,N/A,N/A,"('N/A', 'N/A')"
Srinivas G,1,7 February 2025,"This app doesn't have cancel subscription, doesn't show renewal amount.. How to cancel subscription, this is bad.. it should have in app cancellation option.",Gyani - Made in India for India,27 February 2025,1 person found this review helpful
Mahasweta Mazumder,5,29 January 2025,Super interesting and informative app. Must try for learning new things in just 2-3 minutes.,N/A,N/A,4 people found this review helpful
Jani pasha,5,29 January 2025,Great app built for making learning easy,N/A,N/A,"('N/A', 'N/A')"
